Epoch,Train 1stPred. Loss,Train 2ndPred. Loss,Val 1stPred. Loss,Val 2ndPred. Loss,Val 1stPred. MRE,Val 2ndPred. MRE,,,Compare,Train 1stPred. Loss,Train 2ndPred. Loss,Val 1stPred. Loss,Val 2ndPred. Loss,Method1 ValMRE,Val 2ndPred. MRE,,,,Method 1 diff.,Accu. 1,Method 2 diff.,Accu. 2
1,0.27561863,,0.049418451,0.04942127,128.210083,128.2138367,,,,0.27453217,none,0.059153811,0.059166991,125.0775651,125.0673158,,,,-0.003753662,-0.003753662,0.010249257,0.010249257
2,0.039746591,,0.036597788,0.036597845,121.1855545,121.1846161,,,,0.039829638,none,0.036425843,0.036426424,121.2100617,121.2093658,,,,0.000938416,-0.002815247,0.000695825,0.010945082
3,0.033638367,,0.03556778,0.035568229,113.0652695,113.0665894,,,,0.033700743,none,0.034759846,0.034762368,108.0359355,108.0355927,,,,-0.001319885,-0.004135132,0.000342846,0.011287928
4,0.030395602,,0.034965268,0.034965166,106.7485428,106.7479172,,,,0.030124253,none,0.034613007,0.034614405,104.9255477,104.918718,,,,0.00062561,-0.003509521,0.006829739,0.018117666
5,0.027323663,,0.031490751,0.031490621,90.65861511,90.65769958,,,,0.02701699,none,0.030547163,0.030552322,89.27149844,89.25581205,,,,0.000915527,-0.002593994,0.015686393,0.033804059
6,0.024741873,,0.032369568,0.032369304,83.94947815,83.95010376,,,,0.024600355,none,0.031801858,0.031803694,84.94807255,84.93227744,,,,-0.00062561,-0.003219604,0.015795112,0.049599171
7,0.022693301,,0.030432199,0.030433466,75.40933228,75.41151428,,,,0.022449915,none,0.030776513,0.030774007,71.74332821,71.44896579,,,,-0.002182007,-0.005401611,0.294362426,0.343961596
8,0.021312133,,0.029044532,0.029044189,64.70860291,64.70713806,,,,0.02097872,none,0.029194912,0.029213408,62.28288001,62.16450655,,,,0.001464844,-0.003936768,0.118373454,0.46233505
9,0.020121238,,0.03353516,0.033533642,66.19891357,66.19850159,,,,0.019886951,none,0.032232502,0.032237534,65.67586094,65.54829711,,,,0.000411987,-0.00352478,0.127563834,0.589898884
10,0.019262888,,0.032442472,0.032445071,62.07867813,62.08797836,,,,0.019014896,none,0.032473499,0.032450844,62.99403656,62.60193932,,,,-0.009300232,-0.012825012,0.392097235,0.981996119
11,0.018556522,,0.029248243,0.029249597,52.55178833,52.54711533,,,,0.018025632,none,0.030056392,0.029863558,53.0726335,52.36346364,,,,0.004673004,-0.008152008,0.709169865,1.691165984
12,0.017481715,,0.027213953,0.027212688,39.6673584,39.65807343,,,,0.016899453,none,0.029942711,0.029829775,43.46523675,42.82643828,,,,0.009284973,0.001132965,0.638798475,2.329964459
13,0.016645029,,0.03174094,0.031740635,46.44812775,46.45102692,,,,0.016402999,none,0.03002315,0.029915116,42.47986111,42.32698873,,,,-0.00289917,-0.001766205,0.152872384,2.482836843
14,0.016052561,,0.034614264,0.034614389,53.92192078,53.91786194,,,,0.016070306,none,0.032346444,0.03225467,47.73603386,47.53569433,,,,0.004058838,0.002292633,0.200339526,2.683176368
15,0.016295521,,0.028425728,0.028426957,37.55842972,37.55553055,,,,0.015635886,none,0.029123613,0.028930077,37.35059303,36.93700272,,,,0.00289917,0.005191803,0.413590312,3.09676668
16,0.015444568,,0.029570042,0.02957102,34.53957367,34.53766251,,,,0.015702925,none,0.029424033,0.0288949,38.08339483,36.88652411,,,,0.001911163,0.007102966,1.196870714,4.293637395
17,0.015526386,,0.037884421,0.037889584,47.64599991,47.6478653,,,,0.015212028,none,0.036602206,0.036611532,47.79672807,47.74153489,,,,-0.001865387,0.005237579,0.055193186,4.348830581
18,0.017355639,,0.032450508,0.032450069,35.21891022,35.21644211,,,,0.01520151,none,0.032293989,0.032136407,37.55336574,37.08575496,,,,0.002468109,0.007705688,0.467610776,4.816441357
19,0.015814001,,0.038795386,0.038795271,54.44687653,54.44654083,,,,0.014834761,none,0.039472614,0.0392952,54.80146456,54.8127405,,,,0.000335693,0.008041382,-0.011275947,4.80516541
20,0.015122726,,0.037520013,0.03752275,53.30900574,53.30751038,,,,0.01479809,none,0.03788919,0.037671714,53.84087658,53.93733722,,,,0.001495361,0.009536743,-0.09646064,4.70870477
21,0.0147125,,0.029772302,0.029772012,29.99058342,29.98945045,,,,0.014773312,0.0141443,0.03630412,0.03605118,38.20656955,38.00481692,,,,0.001132965,0.010669708,0.201752633,4.910457402
22,0.014475436,,0.035377776,0.035384475,50.2833786,50.28205872,,,,0.014500526,0.014744115,0.036805372,0.037026923,51.71038187,51.92158371,,,,0.001319885,0.011989594,-0.211201847,4.699255556
23,0.014174257,,0.038735339,0.038738336,47.50332642,47.50025558,,,,0.01361825,0.013695425,0.04203213,0.042066741,57.76263088,57.852256,,,,0.003070831,0.015060425,-0.08962512,4.609630436
24,0.01387638,,0.038252308,0.038248811,54.69297791,54.68697357,,,,0.013620131,0.013201907,0.040614275,0.040597843,53.3172465,53.41427022,,,,0.006004333,0.021064758,-0.097023726,4.51260671
25,0.013856069,,0.037498706,0.037483027,57.6067009,57.57596207,,,,0.014114314,0.013337224,0.036609445,0.036510525,54.0152365,53.73142278,,,,0.030738831,0.051803589,0.283813715,4.796420425
26,0.013661459,0.013620165,0.041543703,0.041569175,55.76597595,55.7636261,,,,0.013584709,0.013361212,0.043817812,0.043817281,57.09859961,57.15258586,,,,0.002349854,0.054153442,-0.053986251,4.742434174
27,0.013095974,0.013499804,0.038609781,0.038768861,50.05568695,50.10507584,,,,0.012976866,0.012902762,0.040842709,0.041131378,50.76800078,50.67511487,,,,-0.049388885,0.004764557,0.092885911,4.835320085
28,0.013516951,0.013240038,0.032055813,0.032172832,30.05968285,30.09302711,,,,0.013336036,0.013829347,0.042903277,0.04276733,54.4135114,54.39837193,,,,-0.033344269,-0.028579712,0.015139461,4.850459546
29,0.01268082,0.012929034,0.038020798,0.038053758,54.94326019,54.9257431,,,,0.014895567,0.014541206,0.042183047,0.042568215,61.11742902,61.17869467,,,,0.01751709,-0.011062622,-0.061265647,4.789193898
30,0.012670558,0.013083155,0.041548314,0.041612564,58.87782669,58.88459015,,,,0.013426553,0.012858358,0.030188118,0.029974092,29.35711513,28.89332724,,,,-0.006763458,-0.01782608,0.463787898,5.252981797
31,0.012401673,0.011928168,0.036899577,0.03689076,34.47727203,34.46229553,,,,0.013271593,0.012848013,0.041071761,0.041156115,46.99694744,46.99757069,,,,0.014976501,-0.002849579,-0.000623256,5.252358541
32,0.012417208,0.012532183,0.032220779,0.032387991,29.07437134,29.1360321,,,,0.012477538,0.013158125,0.040925678,0.040741488,56.44272566,56.36742032,,,,-0.061660767,-0.064510345,0.075305343,5.327663884
33,0.012367794,0.012151728,0.036363218,0.036435379,37.47869492,37.45732498,,,,0.012026174,0.012304985,0.040479123,0.040566911,42.6016207,42.68561596,,,,0.021369934,-0.043140411,-0.083995253,5.243668631
34,0.012038936,0.012212778,0.040823135,0.040878364,42.87216568,42.81394958,,,,0.012034344,0.012184666,0.043894032,0.044308766,58.24944001,58.22222751,,,,0.058216095,0.015075684,0.027212501,5.270881131
35,0.012151443,0.012335098,0.039723682,0.039851994,38.37155914,38.52596283,,,,0.011821686,0.011561072,0.033299056,0.03290248,29.62615462,29.20622395,,,,-0.154403687,-0.139328003,0.419930667,5.690811798
36,0.012630219,0.012437996,0.033503442,0.033611292,30.02174187,30.02840424,,,,0.012196518,0.012132503,0.041002838,0.04083965,40.65206474,39.93537357,,,,-0.006662369,-0.145990372,0.716691166,6.407502964
37,0.01175276,0.012122746,0.041752179,0.042559559,47.05826569,47.3168602,,,,0.012228055,0.011746836,0.04672835,0.046510007,59.72465813,59.70683014,,,,-0.258594513,-0.404584885,0.017827988,6.425330952
38,0.012281751,0.012421092,0.039709821,0.039959369,53.5689888,53.25318527,,,,0.012102418,0.012392483,0.04007313,0.039627445,34.75150359,34.34155336,,,,0.315803528,-0.088781357,0.409950227,6.835281178
39,0.011948264,0.01196025,0.046143875,0.046394477,54.22299957,54.44247437,,,,0.011775193,0.012296048,0.045987064,0.046115526,64.70746505,64.88923341,,,,-0.219474792,-0.308256149,-0.181768358,6.653512821
40,0.012523323,0.013356783,0.043181806,0.043264257,52.48136139,52.50466919,,,,0.012031696,0.01207923,0.050917089,0.050334244,60.03767914,59.7321316,,,,-0.0233078,-0.33156395,0.305547535,6.959060356
41,0.012633798,0.012455515,0.040086121,0.040083705,38.1504364,38.14749146,,,,0.012501005,0.012914211,0.04375386,0.043175163,51.54738837,48.93631625,,,,0.002944946,-0.328619003,2.611072123,9.570132479
42,0.011695336,0.011787039,0.044994401,0.045143664,52.70231628,52.83958435,,,,0.012588515,0.01335652,0.044257977,0.044103622,63.2577216,63.4061349,,,,-0.137268066,-0.46588707,-0.148413301,9.421719179
43,0.011537803,0.011544088,0.047507098,0.04758017,53.94605637,54.10263062,,,,0.01209359,0.011869372,0.041311592,0.040449959,37.61955199,36.66992924,,,,-0.156574249,-0.622461319,0.94962275,10.37134193
44,0.011900834,0.011744927,0.045810884,0.045683325,53.39925385,53.52810669,,,,0.011628486,0.011381155,0.045405458,0.045516613,53.45795232,53.76136261,,,,-0.128852844,-0.751314163,-0.303410292,10.06793164
45,0.011528355,0.011589971,0.043233949,0.043352806,55.78502274,55.84939957,,,,0.011792098,0.011577459,0.04763386,0.047328105,57.73818547,57.49504119,,,,-0.064376831,-0.815690994,0.243144274,10.31107591
46,0.011204789,0.011407427,0.04848923,0.048596346,58.8703537,58.96078491,,,,0.011364296,0.011466966,0.04066383,0.039487257,41.75334364,40.16657919,,,,-0.090431213,-0.906122208,1.586764455,11.89784037
47,0.011537468,0.012358578,0.043989514,0.043963036,48.30975342,48.30294418,,,,0.011386503,0.011055129,0.036195859,0.035291274,30.88090636,29.6714102,,,,0.006809235,-0.899312973,1.209496155,13.10733652
48,0.012827128,0.012597728,0.042616914,0.043001759,55.01929855,55.14662933,,,,0.010647025,0.011065525,0.040067366,0.039889183,33.76841065,33.68643996,,,,-0.12733078,-1.026643753,0.081970692,13.18930721
49,0.011724635,0.011979373,0.047769291,0.047907962,60.42721558,60.51271439,,,,0.01073785,0.010878363,0.048402008,0.048311336,54.52046186,54.37754458,,,,-0.08549881,-1.112142563,0.142917275,13.33222449
50,0.011124544,0.011019201,0.03517867,0.035205767,29.35894394,29.30230522,,,,0.011136249,0.010736872,0.037994741,0.037697627,31.26214348,31.21331385,,,,0.056638718,-1.055503845,0.04882963,13.38105412
51,0.011105845,0.011008309,0.047143989,0.047249092,48.20631409,48.2405014,,,,0.010782082,0.010588394,0.046748043,0.046790128,65.72025126,66.12871259,,,,-0.034187317,-1.089691162,-0.408461332,12.97259279
52,0.011896496,0.011203229,0.043193724,0.04352518,56.83934021,56.9902916,,,,0.010563895,0.010723298,0.034205276,0.033892575,26.46508628,26.22694314,,,,-0.150951385,-1.240642548,0.238143146,13.21073593
53,0.011267201,0.011604751,0.044662499,0.044845331,44.49406052,44.55036926,,,,0.010840388,0.010722123,0.049236403,0.048985474,48.67534536,48.60828459,,,,-0.056308746,-1.296951294,0.067060769,13.2777967
54,0.011448902,0.011029923,0.050502494,0.050650313,60.16318893,60.24313354,,,,0.010661094,0.010704391,0.047338476,0.04751659,46.13329849,45.96471694,,,,-0.079944611,-1.376895905,0.168581545,13.44637825
55,0.011573941,0.011148752,0.03719028,0.037313128,29.94124031,29.86833954,,,,0.011586997,0.011919213,0.054197169,0.054209407,71.87568182,70.31923747,,,,0.072900772,-1.303995132,1.556444347,15.00282259
56,0.011393767,0.011170338,0.043935626,0.044257795,38.32182693,38.48469925,,,,0.014585142,0.012839327,0.047404335,0.046941879,59.10666686,59.12423408,,,,-0.162872314,-1.466867447,-0.017567217,14.98525538
57,0.011005766,0.010825246,0.049183281,0.049400391,60.57948303,60.78590012,,,,0.01193924,0.011583086,0.035123603,0.034554136,31.52463664,31.16011077,,,,-0.206417084,-1.673284531,0.364525869,15.34978124
58,0.010854713,0.01092918,0.043067692,0.043087276,34.27792358,34.25634003,,,,0.011360509,0.011151647,0.040790538,0.039873997,41.60497132,41.76602468,,,,0.021583557,-1.651700974,-0.16105336,15.18872789
59,0.011018591,0.010792547,0.050544864,0.050719748,60.56908417,60.81056595,,,,0.011696666,0.011033218,0.042247856,0.042472886,55.73052728,55.76385301,,,,-0.241481781,-1.893182755,-0.033325732,15.15540215
60,0.011210727,0.010867565,0.05690095,0.05681731,66.08518982,64.9495163,,,,0.011891315,0.011158494,0.055393002,0.05584918,76.15449077,74.92891026,,,,1.135673523,-0.757509232,1.225580513,16.38098267
61,0.01066727,0.010560797,0.052243141,0.052403269,63.97915268,63.04828644,,,,0.011068716,0.011075197,0.033921641,0.033732564,26.9724723,26.95404975,,,,0.930866241,0.17335701,0.018422544,16.39940521
62,0.010763876,0.010521797,0.051316599,0.051534671,65.29692078,65.43639374,,,,0.010683471,0.010746698,0.049583772,0.05072688,55.56436163,56.75647795,,,,-0.139472961,0.033884048,-1.19211632,15.20728889
63,0.010525026,0.010420617,0.043975654,0.043967746,35.27453613,35.2485199,,,,0.010865145,0.010601807,0.052431718,0.052667073,69.04360777,69.3421216,,,,0.026016235,0.059900284,-0.29851383,14.90877506
64,0.010841275,0.010423638,0.049076125,0.049041472,52.02747345,52.24603271,,,,0.01065628,0.010550891,0.034303117,0.034467483,27.2673721,27.43577698,,,,-0.218559265,-0.158658981,-0.168404877,14.74037018
65,0.010378248,0.010561329,0.059824651,0.06000404,79.57540894,79.3789978,,,,0.010676073,0.010636322,0.047269562,0.047871065,59.43932271,59.71639138,,,,0.196411133,0.037752151,-0.277068675,14.46330151
66,0.010622282,0.01039107,0.048076451,0.048552339,58.33031464,58.12621307,,,,0.010985075,0.010929984,0.046893135,0.046731113,55.42050606,56.19119292,,,,0.204101563,0.241853714,-0.770686865,13.69261464
67,0.010730041,0.010536919,0.039707451,0.040440898,46.80533218,47.48482513,,,,0.011198574,0.010881499,0.049186995,0.049224599,51.13094264,51.62119001,,,,-0.67949295,-0.437639236,-0.490247369,13.20236728
68,0.010654681,0.010522829,0.042876951,0.042714272,33.8032608,33.78481674,,,,0.01084429,0.010934494,0.050300007,0.050918254,52.65225059,52.86397278,,,,0.018444061,-0.419195175,-0.211722195,12.99064508
69,0.010476535,0.010433286,0.053428419,0.053460278,55.39638519,55.26432037,,,,0.010664187,0.011195881,0.052381608,0.051553447,60.27811545,58.69641906,,,,0.132064819,-0.287130356,1.581696391,14.57234147
70,0.01031527,0.010154325,0.039057583,0.039224147,31.43885994,31.53273773,,,,0.010728006,0.010625425,0.059531914,0.0605126,71.47331774,70.96068358,,,,-0.093877792,-0.381008148,0.512634158,15.08497563
71,0.010302459,0.00997687,0.052014488,0.052026622,68.11779785,68.48394775,,,,0.011974225,0.011466421,0.040408285,0.040630777,40.77552047,42.08032116,,,,-0.366149902,-0.747158051,-1.304800689,13.78017494
72,0.010094915,0.010182519,0.036396077,0.036191181,26.8220253,26.82244873,,,,0.010687379,0.010676562,0.051668316,0.052783892,47.17321724,47.93109357,,,,-0.000423431,-0.747581482,-0.757876337,13.0222986
73,0.010065826,0.010023702,0.053121011,0.052787818,48.2666626,48.26151276,,,,0.010906635,0.010425469,0.051384143,0.051128566,56.58248752,56.66030109,,,,0.005149841,-0.742431641,-0.077813566,12.94448504
74,0.009975043,0.010002701,0.051091827,0.051239001,46.03432465,45.94824219,,,,0.010259216,0.010243518,0.051071305,0.050688388,62.27277696,62.39282233,,,,0.086082458,-0.656349182,-0.120045364,12.82443967
75,0.010106271,0.010005948,0.049267543,0.051099705,41.37851715,41.73204803,,,,0.010373733,0.010326982,0.04304939,0.042887093,36.05779074,35.90178514,,,,-0.353530884,-1.009880066,0.156005606,12.98044528
76,0.010209044,0.010125779,0.054532615,0.054510054,60.2538681,60.36399841,,,,0.010248362,0.010239492,0.052210765,0.052190439,60.08017719,60.3546015,,,,-0.11013031,-1.120010376,-0.274424314,12.70602097
77,0.010268273,0.010037674,0.040862883,0.040752536,32.45185852,32.1902771,,,,0.010362812,0.010277167,0.051286581,0.050816773,51.1257779,50.95920599,,,,0.261581421,-0.858428955,0.166571915,12.87259288
78,0.010398691,0.010253422,0.045023186,0.045439804,41.19129562,41.36624146,,,,0.010686715,0.010365062,0.040653224,0.04003584,35.49392606,35.39195904,,,,-0.174945831,-1.033374786,0.101967022,12.9745599
79,0.011480527,0.010783359,0.045644858,0.045483699,55.80205536,55.53078079,,,,0.010142338,0.010255827,0.057544753,0.057783019,57.84823865,57.80063874,,,,0.271274567,-0.76210022,0.047599912,13.02215981
80,0.011962752,0.012196029,0.064488267,0.064852685,87.81069946,87.95335388,,,,0.010920609,0.01050972,0.049267705,0.050889014,49.87668663,49.42320818,,,,-0.142654419,-0.904754639,0.453478456,13.47563827
81,0.012696328,0.011886818,0.035388105,0.035447651,26.94220161,27.02698517,,,,0.010756939,0.010685442,0.04214235,0.042834682,50.11408103,50.7956928,,,,-0.084783554,-0.989538193,-0.681611776,12.79402649
82,0.011080588,0.012026715,0.053326793,0.053394692,50.76817322,50.92501831,,,,0.010638702,0.010583638,0.05030217,0.050532667,70.55036223,71.16634071,,,,-0.156845093,-1.146383286,-0.615978479,12.17804801
83,0.012053261,0.012297216,0.054513419,0.055116649,69.37062073,69.51351929,,,,0.010433122,0.010472531,0.040529227,0.040277816,31.60991289,31.51503952,,,,-0.14289856,-1.289281845,0.094873369,12.27292138
84,0.01089071,0.010899645,0.037027246,0.036924008,28.65119934,28.55517769,,,,0.010619637,0.010475492,0.044280586,0.043291199,37.02024648,36.38326368,,,,0.096021652,-1.193260193,0.636982799,12.90990418
85,0.010506465,0.010257783,0.051399816,0.050894085,60.37643433,60.30673599,,,,0.010859123,0.011014942,0.05196568,0.051676085,51.30312115,51.66538715,,,,0.069698334,-1.123561859,-0.362266004,12.54763818
86,0.010249214,0.010193637,0.052481891,0.052604693,56.24093628,56.49371338,,,,0.010807336,0.010356029,0.05558846,0.05534759,63.72273034,64.0799883,,,,-0.2527771,-1.376338959,-0.357257962,12.19038022
87,0.010418526,0.01037115,0.050838776,0.051232906,50.27580261,50.45942688,,,,0.010167808,0.010195223,0.052547037,0.052018445,55.53047431,55.63457161,,,,-0.183624268,-1.559963226,-0.104097307,12.08628291
88,0.010228256,0.010246063,0.054582033,0.054416602,52.65052032,52.56518555,,,,0.01101549,0.010137178,0.063533637,0.062838327,75.70871782,76.29265583,,,,0.085334778,-1.474628448,-0.583938003,11.50234491
89,0.010769905,0.010704088,0.054806519,0.055173632,57.52410126,60.00011444,,,,0.013810089,0.011912272,0.035803196,0.034402637,34.97304779,34.00841811,,,,-2.476013184,-3.950641632,0.96462968,12.46697459
90,0.0104034,0.010615482,0.060343731,0.060998394,71.38917542,71.23191071,,,,0.011525297,0.010926875,0.051539882,0.050433394,52.08491176,52.18274385,,,,0.157264709,-3.793376923,-0.097832084,12.3691425
91,0.010809833,0.010790326,0.046713499,0.047090197,58.76909637,58.7156105,,,,0.011340021,0.010905931,0.045081057,0.044623174,47.16823161,46.84179708,,,,0.05348587,-3.739891052,0.326434523,12.69557703
92,0.011303146,0.01081913,0.052835317,0.054346979,66.06916809,65.71740723,,,,0.010472415,0.010783444,0.042799875,0.042358594,35.87072316,35.74397564,,,,0.351760864,-3.388130188,0.126747519,12.82232454
93,0.01081154,0.010723986,0.052927213,0.052628485,56.308815,56.38174438,,,,0.011027666,0.010644138,0.037030806,0.036116897,29.25100972,28.83617073,,,,-0.072929382,-3.46105957,0.414838985,13.23716353
94,0.010356961,0.010267426,0.051926146,0.052310245,62.55200195,62.71630859,,,,0.010624496,0.010401617,0.035001836,0.034493845,28.20077799,26.34374806,,,,-0.164306641,-3.625366211,1.85702993,15.09419346
95,0.010769453,0.010294413,0.044333105,0.044574334,36.05424118,36.01903534,,,,0.010166013,0.010063831,0.051232345,0.050322356,53.41003257,53.50123489,,,,0.035205841,-3.59016037,-0.091202319,15.00299114
96,0.010785587,0.010973584,0.055302334,0.05535184,60.57707214,60.80960846,,,,0.009987088,0.01008483,0.05028259,0.048910663,45.62414984,45.28551389,,,,-0.232536316,-3.822696686,0.338635951,15.34162709
97,0.010290777,0.010170175,0.051556379,0.051478691,51.5535202,50.92560959,,,,0.011022779,0.010072167,0.053494495,0.052747261,55.8018083,56.10321003,,,,0.627910614,-3.194786072,-0.301401734,15.04022536
98,0.010090641,0.00997647,0.044265463,0.044010558,36.04557419,36.09034348,,,,0.010542234,0.010238191,0.06031355,0.060238239,67.71415991,68.02068031,,,,-0.044769287,-3.239555359,-0.306520402,14.73370495
99,0.010102133,0.009990711,0.060563383,0.059813797,57.09249878,56.91802216,,,,0.010467711,0.010404334,0.052941699,0.05268038,55.5796864,55.9020825,,,,0.174476624,-3.065078735,-0.3223961,14.41130885
100,0.010429242,0.010074448,0.054539588,0.054652211,49.74333954,49.74441528,,,,0.010242872,0.010049218,0.048856061,0.048512962,50.32506478,50.19643283,,,,-0.001075745,-3.06615448,0.128631949,14.5399408
101,0.009905797,0.009858815,0.056669604,0.056496079,52.97327423,52.90467072,,,,0.010093924,0.009993223,0.038550293,0.037689828,30.71704376,30.64405784,,,,0.068603516,-2.997550964,0.072985917,14.61292672
102,0.010032309,0.009791864,0.057234599,0.057496361,71.6105957,72.0246582,,,,0.010225182,0.009964783,0.050027714,0.050086224,52.59175828,52.33635709,,,,-0.4140625,-3.411613464,0.255401194,14.86832792
103,0.010002279,0.009797755,0.044456931,0.044206478,31.86767197,31.73282051,,,,0.009972364,0.009874137,0.0565601,0.055477706,61.25879467,61.34028018,,,,0.134851456,-3.276762009,-0.08148551,14.78684241
104,0.00982534,0.009687432,0.044241813,0.044345796,34.23517609,34.29629517,,,,,,,,,,,,,,,,
105,0.009869389,0.009828267,0.055815084,0.055617174,52.39381027,52.62264252,,,,,,,,,,,,,,,,
106,0.009999387,0.009742962,0.060292271,0.060218174,63.98802948,64.33316803,,,,,,,,,,,,,,,,
107,0.009902335,0.009831107,0.054564995,0.053764062,56.08957672,56.12733078,,,,,,,,,,,,,,,,
108,0.010264805,0.01000247,0.063417374,0.063912927,71.99720001,72.02532959,,,,,,,,,,,,,,,,
109,0.010247655,0.010070133,0.037782175,0.037605958,29.03875542,28.96470451,,,,,,,,,,,,,,,,
110,0.010043269,0.009946132,0.05631856,0.055702091,50.95640564,50.94775391,,,,,,,,,,,,,,,,
111,0.010166844,0.009982099,0.05285096,0.053246609,48.17756271,48.35536194,,,,,,,,,,,,,,,,
112,0.010208706,0.010155542,0.047262253,0.046248902,36.02643967,35.8590889,,,,,,,,,,,,,,,,
113,0.010059678,0.010434981,0.040765517,0.040455969,29.75168991,29.64809608,,,,,,,,,,,,,,,,
114,0.010171349,0.010066077,0.054679534,0.054268917,60.90951538,60.84738922,,,,,,,,,,,,,,,,
115,0.010058521,0.00995378,0.056219792,0.055892273,48.44615555,48.29320526,,,,,,,,,,,,,,,,
116,0.009975422,0.00989113,0.04845285,0.048381711,40.35956573,40.545578,,,,,,,,,,,,,,,,
117,0.010140412,0.009882245,0.053391972,0.053122546,51.54891968,51.43531036,,,,,,,,,,,,,,,,
118,0.010693739,0.010783299,0.041235535,0.041580386,33.44404984,33.4388504,,,,,,,,,,,,,,,,
119,0.011216544,0.011066819,0.054521936,0.053838334,64.40348816,64.4200592,,,,,,,,,,,,,,,,
120,0.010941767,0.010670893,0.044719527,0.044492219,33.98817444,33.84583282,,,,,,,,,,,,,,,,
121,0.010521872,0.010272398,0.050440765,0.052520654,47.75694275,48.20406723,,,,,,,,,,,,,,,,
122,0.010202282,0.010217014,0.049189948,0.048888328,38.20770645,38.40651703,,,,,,,,,,,,,,,,
123,0.009899747,0.009993661,0.055265762,0.055423301,50.72776794,50.45776367,,,,,,,,,,,,,,,,
124,0.009896643,0.009769631,0.040097848,0.039350717,27.92340088,27.81698227,,,,,,,,,,,,,,,,
125,0.009853775,0.009911236,0.047223089,0.047560825,33.86462021,33.98391724,,,,,,,,,,,,,,,,
126,0.009841251,0.009816836,0.060852811,0.060472842,64.41880798,64.86611938,,,,,,,,,,,,,,,,
127,0.009717477,0.009642454,0.064353907,0.064028691,70.06181335,69.78768921,,,,,,,,,,,,,,,,
128,0.009966456,0.009820052,0.056366953,0.056258959,53.48368835,53.34978104,,,,,,,,,,,,,,,,
129,0.00993826,0.009820064,0.058799261,0.0582478,58.42316437,58.32276154,,,,,,,,,,,,,,,,
130,0.009977993,0.010093823,0.043360418,0.043650734,30.62518501,30.72146797,,,,,,,,,,,,,,,,
131,0.009875254,0.009797929,0.06222959,0.061773427,62.8303566,62.68076706,,,,,,,,,,,,,,,,
132,0.009924984,0.009749331,0.049214656,0.049155523,34.54917145,34.59906006,,,,,,,,,,,,,,,,
133,0.009827141,0.009691802,0.035392306,0.036176691,25.72755241,25.90051842,,,,,,,,,,,,,,,,
134,0.009691784,0.009673529,0.037712513,0.037548468,25.72103119,25.71995735,,,,,,,,,,,,,,,,
135,0.00966861,0.009562746,0.046397413,0.0459737,31.90353203,31.86512947,,,,,,,,,,,,,,,,
136,0.009773138,0.009626835,0.073800674,0.073188135,63.52528,63.20417023,,,,,,,,,,,,,,,,
137,0.009747048,0.009629467,0.061050252,0.060546213,66.26625824,66.41479492,,,,,,,,,,,,,,,,
138,0.009598555,0.009617968,0.045496276,0.045299288,32.95908356,32.93238068,,,,,,,,,,,,,,,,
139,0.009671003,0.009531539,0.041833791,0.042329473,28.95092773,29.12960434,,,,,,,,,,,,,,,,
140,0.009708197,0.009569419,0.065232609,0.065068229,62.02663422,61.82878876,,,,,,,,,,,,,,,,
141,0.009874702,0.009775464,0.057984447,0.057682893,53.86963654,54.01423645,,,,,,,,,,,,,,,,
142,0.010996104,0.011018497,0.051857052,0.052301651,53.50489044,54.39764023,,,,,,,,,,,,,,,,
143,0.010555052,0.010441072,0.043460468,0.043618726,31.99826813,32.07670212,,,,,,,,,,,,,,,,
144,0.010013708,0.009935631,0.056288457,0.055884596,60.75093079,60.47178268,,,,,,,,,,,,,,,,
145,0.010168255,0.009807554,0.050978092,0.05088497,56.62977982,56.65004349,,,,,,,,,,,,,,,,
146,0.009997375,0.009831953,0.066820876,0.065656023,74.91314697,74.70023346,,,,,,,,,,,,,,,,
147,0.009881338,0.009820901,0.07822336,0.077741927,89.32803345,89.3326416,,,,,,,,,,,,,,,,
148,0.009879806,0.009696745,0.060539257,0.060303379,59.07935715,59.01560593,,,,,,,,,,,,,,,,
149,0.009654446,0.009598477,0.061064344,0.059881875,49.33272552,49.15158463,,,,,,,,,,,,,,,,
150,0.009710154,0.009843172,0.05645989,0.056549809,41.17269135,41.2829361,,,,,,,,,,,,,,,,
151,0.010002414,0.00988278,0.061075941,0.060469999,59.73906326,59.9651947,,,,,,,,,,,,,,,,
152,0.009791245,0.009687048,0.078744166,0.078451017,95.81604004,95.31331635,,,,,,,,,,,,,,,,
153,0.010005992,0.009842817,0.044742365,0.044298705,30.17288589,30.19255638,,,,,,,,,,,,,,,,
154,0.010023582,0.009872424,0.056578153,0.056858946,46.0982132,44.56075668,,,,,,,,,,,,,,,,
155,0.010226857,0.010069606,0.051350669,0.051199182,38.39786148,38.25942993,,,,,,,,,,,,,,,,
156,0.010310045,0.010237309,0.045359049,0.045140225,34.66138458,34.71855164,,,,,,,,,,,,,,,,
157,0.010493147,0.010081891,0.05144491,0.053682602,58.31266022,59.4239006,,,,,,,,,,,,,,,,
158,0.010509784,0.010446055,0.055557757,0.056004363,47.3134079,47.25363922,,,,,,,,,,,,,,,,
159,0.010604206,0.010432753,0.052755698,0.053098352,41.71642303,42.01502609,,,,,,,,,,,,,,,,
160,0.010041025,0.009873706,0.062682694,0.061769298,51.77611923,51.82746124,,,,,,,,,,,,,,,,
161,0.009781154,0.009755551,0.057319522,0.056765197,47.68774414,47.55749512,,,,,,,,,,,,,,,,
162,0.009822732,0.009975572,0.073977562,0.073687674,69.70124817,69.6674881,,,,,,,,,,,,,,,,
163,0.010427696,0.010362664,0.059851157,0.059587011,61.21379089,61.2935791,,,,,,,,,,,,,,,,
164,0.009975718,0.009916116,0.058864627,0.057557848,57.00379944,57.39833069,,,,,,,,,,,,,,,,
165,0.009847125,0.009765582,0.067109516,0.065817029,67.76519775,67.92547607,,,,,,,,,,,,,,,,
166,0.009785281,0.009673077,0.066720922,0.066580024,56.14466095,56.01918793,,,,,,,,,,,,,,,,
167,0.009624959,0.009683315,0.040904102,0.041003114,27.19224167,27.21506882,,,,,,,,,,,,,,,,
168,0.010057409,0.010019626,0.062628147,0.062197214,56.12207794,56.38512421,,,,,,,,,,,,,,,,
169,0.009885373,0.009640401,0.041845149,0.041844834,29.61897278,29.62807083,,,,,,,,,,,,,,,,
